Module,Month,Commits,Modifications
orders,2024-11,3,7
orders,2024-12,12,5
orders,2025-01,7,18
orders,2025-02,2,25
orders,2025-03,15,9
orders,2025-04,4,22
orders,2025-05,20,13
orders,2025-06,8,30
orders,2025-07,25,6
orders,2025-08,10,17
orders,2025-09,5,28
orders,2025-10,18,11
users,2024-11,9,15
users,2024-12,2,21
users,2025-01,17,8
users,2025-02,6,19
users,2025-03,22,3
users,2025-04,11,24
users,2025-05,5,16
users,2025-06,14,27
users,2025-07,19,10
users,2025-08,7,23
users,2025-09,13,12
users,2025-10,21,20
products,2024-11,6,19
products,2024-12,15,2
products,2025-01,9,25
products,2025-02,3,14
products,2025-03,18,7
products,2025-04,10,22
products,2025-05,24,9
products,2025-06,8,30
products,2025-07,20,13
products,2025-08,5,28
products,2025-09,12,17
products,2025-10,16,21
payments,2024-11,11,4
payments,2024-12,7,18
payments,2025-01,22,9
payments,2025-02,15,20
payments,2025-03,3,25
payments,2025-04,19,6
payments,2025-05,8,17
payments,2025-06,25,12
payments,2025-07,10,23
payments,2025-08,5,28
payments,2025-09,14,11
payments,2025-10,21,19
inventory,2024-11,17,8
inventory,2024-12,4,15
inventory,2025-01,20,6
inventory,2025-02,9,24
inventory,2025-03,13,19
inventory,2025-04,7,22
inventory,2025-05,25,10
inventory,2025-06,12,27
inventory,2025-07,5,16
inventory,2025-08,18,23
inventory,2025-09,10,12
inventory,2025-10,22,20
shipping,2024-11,8,21
shipping,2024-12,19,5
shipping,2025-01,3,18
shipping,2025-02,14,9
shipping,2025-03,25,22
shipping,2025-04,7,13
shipping,2025-05,16,30
shipping,2025-06,10,17
shipping,2025-07,21,28
shipping,2025-08,5,11
shipping,2025-09,12,24
shipping,2025-10,18,6
